cars_75_02.dzn, 1280ms
cars_65_07.dzn, 1095ms
cars_65_06.dzn, 1692ms
cars_75_03.dzn, 1933ms
cars_75_01.dzn, 1116ms
cars_65_04.dzn, 1201ms
cars_65_10.dzn, 1173ms
cars_60_08.dzn, 1135ms
cars_60_09.dzn, 1215ms
cars_65_05.dzn, 1350ms
cars_75_10.dzn, 1657ms
cars_75_04.dzn, 1798ms
cars_65_01.dzn, 1459ms
cars_70_08.dzn, 1165ms
cars_70_09.dzn, 1162ms
cars_75_05.dzn, 1069ms
cars_75_07.dzn, 1051ms
cars_65_02.dzn, 973ms
cars_21_90.dzn, 757ms
cars_65_03.dzn, 1003ms
cars_75_06.dzn, 1010ms
cars_90_06.dzn, 871ms
cars_80_03.dzn, 1018ms
cars1.dzn, 268ms
cars_80_02.dzn, 1016ms
cars_90_07.dzn, 896ms
cars_90_05.dzn, 988ms
cars_41_66.dzn, 785ms
cars_80_01.dzn, 964ms
cars_90_10.dzn, 958ms
cars_90_04.dzn, 1129ms
cars_80_05.dzn, 980ms
cars_85_09.dzn, 1121ms
cars_4_72.dzn, 678ms
cars_85_08.dzn, 942ms
cars_6_76.dzn, 689ms
cars_80_04.dzn, 918ms
cars_80_10.dzn, 978ms
cars_90_01.dzn, 912ms
cars_90_03.dzn, 1034ms
cars_80_06.dzn, 1073ms
cars_80_07.dzn, 952ms
cars_90_02.dzn, 1026ms
cars_85_06.dzn, 863ms
cars_85_07.dzn, 894ms
cars_80_09.dzn, 1046ms
cars_85_05.dzn, 1013ms
cars_85_10.dzn, 890ms
cars_85_04.dzn, 950ms
cars_16_81.dzn, 695ms
cars_80_08.dzn, 856ms
cars_90_09.dzn, 1007ms
cars_85_01.dzn, 916ms
cars_90_08.dzn, 906ms
cars_85_03.dzn, 1181ms
cars_85_02.dzn, 977ms
cars_60_02.dzn, 868ms
cars_70_07.dzn, 949ms
cars_70_06.dzn, 1051ms
cars_60_03.dzn, 982ms
cars_75_08.dzn, 979ms
cars_60_01.dzn, 1097ms
cars_36_92.dzn, 662ms
cars_19_71.dzn, 779ms
cars_70_04.dzn, 1006ms
cars_70_10.dzn, 949ms
cars_70_05.dzn, 924ms
cars_75_09.dzn, 1018ms
cars_65_08.dzn, 853ms
cars_60_10.dzn, 1101ms
cars_60_04.dzn, 1069ms
cars_10_93.dzn, 654ms
cars_70_01.dzn, 946ms
cars_60_05.dzn, 1113ms
cars_65_09.dzn, 1039ms
cars_60_07.dzn, 1227ms
cars_70_02.dzn, 1018ms
cars_70_03.dzn, 981ms
cars_60_06.dzn, 1037ms
