cars_75_02.dzn, 961ms
cars_65_07.dzn, 1159ms
cars_65_06.dzn, 1027ms
cars_75_03.dzn, 1678ms
cars_75_01.dzn, 1332ms
cars_65_04.dzn, 1072ms
cars_65_10.dzn, 922ms
cars_60_08.dzn, 1169ms
cars_60_09.dzn, 993ms
cars_65_05.dzn, 997ms
cars_75_10.dzn, 1092ms
cars_75_04.dzn, 837ms
cars_65_01.dzn, 877ms
cars_70_08.dzn, 1224ms
cars_70_09.dzn, 982ms
cars_75_05.dzn, 1202ms
cars_75_07.dzn, 1299ms
cars_65_02.dzn, 1096ms
cars_21_90.dzn, 707ms
cars_65_03.dzn, 1158ms
cars_75_06.dzn, 1079ms
cars_90_06.dzn, 1070ms
cars_80_03.dzn, 941ms
cars1.dzn, 259ms
cars_80_02.dzn, 944ms
cars_90_07.dzn, 923ms
cars_90_05.dzn, 917ms
cars_41_66.dzn, 605ms
cars_80_01.dzn, 1153ms
cars_90_10.dzn, 1150ms
cars_90_04.dzn, 1373ms
cars_80_05.dzn, 1127ms
cars_85_09.dzn, 990ms
cars_4_72.dzn, 822ms
cars_85_08.dzn, 1017ms
cars_6_76.dzn, 700ms
cars_80_04.dzn, 1073ms
cars_80_10.dzn, 1031ms
cars_90_01.dzn, 1084ms
cars_90_03.dzn, 958ms
cars_80_06.dzn, 925ms
cars_80_07.dzn, 926ms
cars_90_02.dzn, 855ms
cars_85_06.dzn, 905ms
cars_85_07.dzn, 1135ms
cars_80_09.dzn, 1000ms
cars_85_05.dzn, 1006ms
cars_85_10.dzn, 863ms
cars_85_04.dzn, 1004ms
cars_16_81.dzn, 950ms
cars_80_08.dzn, 1263ms
cars_90_09.dzn, 1229ms
cars_85_01.dzn, 1310ms
cars_90_08.dzn, 1287ms
cars_85_03.dzn, 1008ms
cars_85_02.dzn, 997ms
cars_60_02.dzn, 989ms
cars_70_07.dzn, 943ms
cars_70_06.dzn, 1143ms
cars_60_03.dzn, 1058ms
cars_75_08.dzn, 1705ms
cars_60_01.dzn, 1400ms
cars_36_92.dzn, 621ms
cars_19_71.dzn, 606ms
cars_70_04.dzn, 1044ms
cars_70_10.dzn, 1491ms
cars_70_05.dzn, 1110ms
cars_75_09.dzn, 1340ms
cars_65_08.dzn, 1149ms
cars_60_10.dzn, 1864ms
cars_60_04.dzn, 1274ms
cars_10_93.dzn, 594ms
cars_70_01.dzn, 980ms
cars_60_05.dzn, 899ms
cars_65_09.dzn, 890ms
cars_60_07.dzn, 1019ms
cars_70_02.dzn, 1000ms
cars_70_03.dzn, 950ms
cars_60_06.dzn, 991ms
