cars_75_02.dzn, 1067ms
cars_65_07.dzn, 1033ms
cars_65_06.dzn, 962ms
cars_75_03.dzn, 1069ms
cars_75_01.dzn, 969ms
cars_65_04.dzn, 1032ms
cars_65_10.dzn, 1352ms
cars_60_08.dzn, 1322ms
cars_60_09.dzn, 981ms
cars_65_05.dzn, 995ms
cars_75_10.dzn, 1085ms
cars_75_04.dzn, 1128ms
cars_65_01.dzn, 1008ms
cars_70_08.dzn, 938ms
cars_70_09.dzn, 1082ms
cars_75_05.dzn, 1187ms
cars_75_07.dzn, 919ms
cars_65_02.dzn, 1063ms
cars_21_90.dzn, 806ms
cars_65_03.dzn, 968ms
cars_75_06.dzn, 952ms
cars_90_06.dzn, 1042ms
cars_80_03.dzn, 1046ms
cars1.dzn, 263ms
cars_80_02.dzn, 1093ms
cars_90_07.dzn, 1035ms
cars_90_05.dzn, 1007ms
cars_41_66.dzn, 729ms
cars_80_01.dzn, 937ms
cars_90_10.dzn, 1071ms
cars_90_04.dzn, 1086ms
cars_80_05.dzn, 1128ms
cars_85_09.dzn, 1267ms
cars_4_72.dzn, 810ms
cars_85_08.dzn, 900ms
cars_6_76.dzn, 607ms
cars_80_04.dzn, 909ms
cars_80_10.dzn, 1052ms
cars_90_01.dzn, 1019ms
cars_90_03.dzn, 1017ms
cars_80_06.dzn, 884ms
cars_80_07.dzn, 894ms
cars_90_02.dzn, 943ms
cars_85_06.dzn, 1632ms
cars_85_07.dzn, 1381ms
cars_80_09.dzn, 1507ms
cars_85_05.dzn, 1249ms
cars_85_10.dzn, 922ms
cars_85_04.dzn, 937ms
cars_16_81.dzn, 792ms
cars_80_08.dzn, 974ms
cars_90_09.dzn, 986ms
cars_85_01.dzn, 964ms
cars_90_08.dzn, 1008ms
cars_85_03.dzn, 945ms
cars_85_02.dzn, 936ms
cars_60_02.dzn, 1097ms
cars_70_07.dzn, 1110ms
cars_70_06.dzn, 1146ms
cars_60_03.dzn, 1283ms
cars_75_08.dzn, 1145ms
cars_60_01.dzn, 1203ms
cars_36_92.dzn, 878ms
cars_19_71.dzn, 656ms
cars_70_04.dzn, 1107ms
cars_70_10.dzn, 1419ms
cars_70_05.dzn, 1526ms
cars_75_09.dzn, 1477ms
cars_65_08.dzn, 1310ms
cars_60_10.dzn, 1259ms
cars_60_04.dzn, 1489ms
cars_10_93.dzn, 1033ms
cars_70_01.dzn, 1376ms
cars_60_05.dzn, 1472ms
cars_65_09.dzn, 1316ms
cars_60_07.dzn, 1435ms
cars_70_02.dzn, 1355ms
cars_70_03.dzn, 1321ms
cars_60_06.dzn, 1051ms
